language,owner,name,kind,signature,returns,description
python,builtin,abs,function,(x),number,"Returns the absolute value of a number or compatible object."
python,builtin,aiter,function,(async_iterable),AsyncIterator,"Returns an asynchronous iterator for an asynchronous iterable."
python,builtin,all,function,(iterable),bool,"Returns True when every item is truthy or the iterable is empty."
python,builtin,anext,function,"(async_iterator, default=…)",Awaitable,"Returns an awaitable for the next asynchronous item or an optional default."
python,builtin,any,function,(iterable),bool,"Returns True when at least one item in the iterable is truthy."
python,builtin,ascii,function,(object),str,"Returns a printable representation with non-ASCII characters escaped."
python,builtin,bin,function,(number),str,"Converts an integer-like value to a binary string prefixed with 0b."
python,builtin,bool,function,(x=False),bool,"Converts a value to True or False using Python truth testing."
python,builtin,breakpoint,function,"(*args, **kwargs)",Any,"Enters the configured debugger and forwards any supplied arguments."
python,builtin,bytearray,function,"(source=b'', encoding=None, errors='strict')",bytearray,"Creates a mutable sequence of bytes from a size, iterable, text, or bytes-like source."
python,builtin,bytes,function,"(source=b'', encoding=None, errors='strict')",bytes,"Creates an immutable bytes value from a size, iterable, text, or bytes-like source."
python,builtin,callable,function,(object),bool,"Checks whether an object appears callable."
python,builtin,chr,function,(code_point),str,"Returns the one-character string for a Unicode code point."
python,builtin,classmethod,function,(function),classmethod,"Wraps a function so a class is supplied as its first argument."
python,builtin,compile,function,"(source, filename, mode, flags=0, dont_inherit=False, optimize=-1)",code,"Compiles source text or an AST into a code object for execution or evaluation."
python,builtin,complex,function,"(real=0, imag=0)",complex,"Creates a complex number from numeric values or a numeric string."
python,builtin,delattr,function,"(object, name)",None,"Deletes a named attribute from an object."
python,builtin,dict,function,"(mapping_or_iterable=(), **kwargs)",dict,"Creates a dictionary from a mapping, key-value iterable, and/or named entries."
python,builtin,dir,function,(object=None),"list[str]","Lists names available in the current scope or attributes available on an object."
python,builtin,divmod,function,"(a, b)",tuple,"Returns the quotient and remainder from dividing a by b."
python,builtin,enumerate,function,"(iterable, start=0)",enumerate,"Pairs each item from an iterable with a consecutive index."
python,builtin,eval,function,"(expression, globals=None, locals=None)",Any,"Evaluates a Python expression using optional global and local namespaces."
python,builtin,exec,function,"(object, globals=None, locals=None, *, closure=None)",None,"Executes Python code using optional global, local, and closure namespaces."
python,builtin,filter,function,"(function, iterable)",filter,"Lazily yields items for which the function returns truthy."
python,builtin,float,function,(x=0.0),float,"Converts a number or numeric string to a floating-point value."
python,builtin,format,function,"(value, format_spec='')",str,"Formats a value using its format protocol and a format specification."
python,builtin,frozenset,function,(iterable=()),frozenset,"Creates an immutable set from unique items in an iterable."
python,builtin,getattr,function,"(object, name, default=…)",Any,"Returns a named attribute or an optional default when the attribute is missing."
python,builtin,globals,function,(),dict,"Returns the dictionary for the current module's global namespace."
python,builtin,hasattr,function,"(object, name)",bool,"Checks whether retrieving a named attribute succeeds."
python,builtin,hash,function,(object),int,"Returns an object's integer hash value."
python,builtin,help,function,(request=None),None,"Displays interactive help for an object, topic, or name."
python,builtin,hex,function,(number),str,"Converts an integer-like value to a hexadecimal string prefixed with 0x."
python,builtin,id,function,(object),int,"Returns an integer identity that is unique for the object during its lifetime."
python,builtin,input,function,(prompt=''),str,"Displays an optional prompt and reads one line of user input without its trailing newline."
python,builtin,int,function,"(x=0, base=10)",int,"Converts a number or numeric string to an integer, optionally using a specified base."
python,builtin,isinstance,function,"(object, class_or_tuple)",bool,"Checks whether an object is an instance of a class or any class in a tuple."
python,builtin,issubclass,function,"(class, class_or_tuple)",bool,"Checks whether a class inherits from another class or any class in a tuple."
python,builtin,iter,function,"(object, sentinel=…)",Iterator,"Returns an iterator, optionally one that calls a function until a sentinel appears."
python,builtin,len,function,(object),int,"Returns the number of items in a sized object."
python,builtin,list,function,(iterable=()),list,"Creates a mutable list from the items in an iterable."
python,builtin,locals,function,(),dict,"Returns a mapping representing the current local namespace."
python,builtin,map,function,"(function, *iterables)",map,"Lazily applies a function to items drawn in parallel from one or more iterables."
python,builtin,max,function,"(iterable, *[, key, default])",Any,"Returns the largest item, optionally using a key function and empty-iterable default."
python,builtin,memoryview,function,(object),memoryview,"Creates a view over an object's binary buffer without copying its data."
python,builtin,min,function,"(iterable, *[, key, default])",Any,"Returns the smallest item, optionally using a key function and empty-iterable default."
python,builtin,next,function,"(iterator, default=…)",Any,"Returns the next iterator item or an optional default when the iterator is exhausted."
python,builtin,object,function,(),object,"Creates a new base object with no instance attributes."
python,builtin,oct,function,(number),str,"Converts an integer-like value to an octal string prefixed with 0o."
python,builtin,open,function,"(file, mode='r', buffering=-1, encoding=None, errors=None, newline=None, closefd=True, opener=None)",file,"Opens a file and returns a text or binary stream according to the requested mode."
python,builtin,ord,function,(character),int,"Returns the Unicode code point of a one-character string."
python,builtin,pow,function,"(base, exponent, modulus=None)",number,"Raises base to a power, optionally computing the result efficiently modulo an integer."
python,builtin,print,function,"(*objects, sep=' ', end='\n', file=None, flush=False)",None,"Writes objects as text with configurable separators, ending, destination, and flushing."
python,builtin,property,function,"(fget=None, fset=None, fdel=None, doc=None)",property,"Creates a managed class attribute backed by getter, setter, and deleter functions."
python,builtin,range,function,"(stop) or (start, stop, step=1)",range,"Creates an immutable sequence of evenly spaced integers."
python,builtin,repr,function,(object),str,"Returns an official string representation intended to be unambiguous when possible."
python,builtin,reversed,function,(sequence),Iterator,"Returns a reverse iterator over a reversible object."
python,builtin,round,function,"(number, ndigits=None)",number,"Rounds a number to a requested number of decimal digits."
python,builtin,set,function,(iterable=()),set,"Creates a mutable set containing unique items from an iterable."
python,builtin,setattr,function,"(object, name, value)",None,"Assigns a value to a named attribute on an object."
python,builtin,slice,function,"(stop) or (start, stop, step=None)",slice,"Creates a slice object describing a start, stop, and step."
python,builtin,sorted,function,"(iterable, *, key=None, reverse=False)",list,"Returns a new sorted list from an iterable."
python,builtin,staticmethod,function,(function),staticmethod,"Wraps a function so it receives no automatic instance or class argument."
python,builtin,str,function,(object=''),str,"Creates a human-readable text representation of an object."
python,builtin,sum,function,"(iterable, start=0)",number,"Adds items from left to right starting with an optional initial value."
python,builtin,super,function,"(type=None, object_or_type=None)",super,"Creates a proxy that searches for methods after a class in the method-resolution order."
python,builtin,tuple,function,(iterable=()),tuple,"Creates an immutable tuple from the items in an iterable."
python,builtin,type,function,"(object) or (name, bases, namespace)",type,"Returns an object's type or dynamically creates a class."
python,builtin,vars,function,(object=None),dict,"Returns the attribute dictionary for an object or the current local namespace."
python,builtin,zip,function,"(*iterables, strict=False)",zip,"Lazily groups items from multiple iterables by position."
python,str,capitalize,method,(),str,"Returns a copy with the first character capitalized and the rest lowercased."
python,str,casefold,method,(),str,"Returns an aggressively lowercased copy suitable for caseless comparisons."
python,str,center,method,"(width, fillchar=' ')",str,"Centers the text in a field of width characters using an optional one-character fill."
python,str,count,method,"(sub[, start[, end]])",int,"Counts non-overlapping occurrences of sub within the optional slice."
python,str,encode,method,"(encoding='utf-8', errors='strict')",bytes,"Encodes the text into bytes using the requested codec and error policy."
python,str,endswith,method,"(suffix[, start[, end]])",bool,"Checks whether the text or optional slice ends with a suffix or tuple of suffixes."
python,str,expandtabs,method,(tabsize=8),str,"Replaces tab characters with spaces using the requested tab-stop width."
python,str,find,method,"(sub[, start[, end]])",int,"Returns the lowest index of sub in the optional slice or -1 when it is absent."
python,str,format,method,"(*args, **kwargs)",str,"Formats replacement fields in the string using positional and named values."
python,str,format_map,method,(mapping),str,"Formats named replacement fields using values read directly from a mapping."
python,str,index,method,"(sub[, start[, end]])",int,"Returns the lowest index of sub or raises ValueError when it is absent."
python,str,isalnum,method,(),bool,"Checks that the string is nonempty and every character is alphanumeric."
python,str,isalpha,method,(),bool,"Checks that the string is nonempty and every character is alphabetic."
python,str,isascii,method,(),bool,"Checks that the string is empty or every character is ASCII."
python,str,isdecimal,method,(),bool,"Checks that the string is nonempty and every character is a decimal character."
python,str,isdigit,method,(),bool,"Checks that the string is nonempty and every character is a digit."
python,str,isidentifier,method,(),bool,"Checks whether the string is a valid Python identifier; keywords still count as identifiers."
python,str,islower,method,(),bool,"Checks that all cased characters are lowercase and at least one cased character exists."
python,str,isnumeric,method,(),bool,"Checks that the string is nonempty and every character is numeric."
python,str,isprintable,method,(),bool,"Checks that the string is empty or contains only printable characters."
python,str,isspace,method,(),bool,"Checks that the string is nonempty and every character is whitespace."
python,str,istitle,method,(),bool,"Checks that cased words use title case and at least one cased character exists."
python,str,isupper,method,(),bool,"Checks that all cased characters are uppercase and at least one cased character exists."
python,str,join,method,(iterable),str,"Combines an iterable of strings with this string placed between each item."
python,str,ljust,method,"(width, fillchar=' ')",str,"Left-aligns the text in a field of width characters using an optional fill."
python,str,lower,method,(),str,"Returns a copy with all cased characters converted to lowercase."
python,str,lstrip,method,(chars=None),str,"Removes leading whitespace or leading characters found in chars."
python,str,maketrans,method,"(x[, y[, z]])",dict,"Builds a character translation table for use with translate."
python,str,partition,method,(sep),"tuple[str, str, str]","Splits once at the first separator and returns before, separator, and after parts."
python,str,removeprefix,method,(prefix),str,"Removes prefix when present; otherwise returns the original string unchanged."
python,str,removesuffix,method,(suffix),str,"Removes suffix when present; otherwise returns the original string unchanged."
python,str,replace,method,"(old, new, count=-1)",str,"Returns a copy with occurrences of old replaced by new, optionally limiting replacements."
python,str,rfind,method,"(sub[, start[, end]])",int,"Returns the highest index of sub in the optional slice or -1 when absent."
python,str,rindex,method,"(sub[, start[, end]])",int,"Returns the highest index of sub or raises ValueError when it is absent."
python,str,rjust,method,"(width, fillchar=' ')",str,"Right-aligns the text in a field of width characters using an optional fill."
python,str,rpartition,method,(sep),"tuple[str, str, str]","Splits once at the last separator and returns before, separator, and after parts."
python,str,rsplit,method,"(sep=None, maxsplit=-1)","list[str]","Splits from the right and returns a list, optionally limiting the number of splits."
python,str,rstrip,method,(chars=None),str,"Removes trailing whitespace or trailing characters found in chars."
python,str,split,method,"(sep=None, maxsplit=-1)","list[str]","Splits the string into a list using a separator or runs of whitespace."
python,str,splitlines,method,(keepends=False),"list[str]","Splits at line boundaries and optionally keeps the line-ending characters."
python,str,startswith,method,"(prefix[, start[, end]])",bool,"Checks whether the text or optional slice begins with a prefix or tuple of prefixes."
python,str,strip,method,(chars=None),str,"Removes leading and trailing whitespace or characters found in chars."
python,str,swapcase,method,(),str,"Returns a copy with uppercase characters lowercased and lowercase characters uppercased."
python,str,title,method,(),str,"Returns a title-cased copy in which words begin with uppercase characters."
python,str,translate,method,(table),str,"Maps or removes characters according to a translation table."
python,str,upper,method,(),str,"Returns a copy with all cased characters converted to uppercase."
python,str,zfill,method,(width),str,"Pads a numeric string on the left with zeroes while preserving a leading sign."
python,list,append,method,(object),None,"Adds one object to the end of the list in place."
python,list,clear,method,(),None,"Removes every item from the list in place."
python,list,copy,method,(),list,"Returns a shallow copy of the list."
python,list,count,method,(value),int,"Counts how many list items compare equal to value."
python,list,extend,method,(iterable),None,"Adds every item from an iterable to the end of the list in place."
python,list,index,method,"(value, start=0, stop=sys.maxsize)",int,"Returns the first index of value in the requested range or raises ValueError."
python,list,insert,method,"(index, object)",None,"Inserts one object before the requested index in place."
python,list,pop,method,(index=-1),Any,"Removes and returns the item at index; the last item is used by default."
python,list,remove,method,(value),None,"Removes the first item equal to value or raises ValueError when absent."
python,list,reverse,method,(),None,"Reverses the order of the list in place."
python,list,sort,method,"(*, key=None, reverse=False)",None,"Sorts the list in place using an optional key function and descending order."
python,file,close,method,(),None,"Flushes buffered data and closes the file; further I/O operations will fail."
python,file,detach,method,(),BinaryIO,"Separates and returns the underlying binary buffer, leaving the text wrapper unusable."
python,file,fileno,method,(),int,"Returns the operating-system file descriptor used by the stream."
python,file,flush,method,(),None,"Writes buffered output to the underlying file immediately."
python,file,isatty,method,(),bool,"Checks whether the stream is connected to an interactive terminal."
python,file,read,method,(size=-1),str,"Reads and returns up to size characters, or all remaining text when size is omitted."
python,file,readable,method,(),bool,"Checks whether the stream supports reading."
python,file,readline,method,(size=-1),str,"Reads and returns one line, optionally limited to size characters."
python,file,readlines,method,(hint=-1),"list[str]","Reads lines into a list, optionally stopping after approximately hint characters."
python,file,reconfigure,method,"(*, encoding=None, errors=None, newline=None, line_buffering=None, write_through=None)",None,"Changes supported text-stream encoding, newline, error, and buffering settings."
python,file,seek,method,"(offset, whence=0)",int,"Moves the stream position relative to the start, current position, or end and returns the new position."
python,file,seekable,method,(),bool,"Checks whether the stream supports changing its position."
python,file,tell,method,(),int,"Returns the current stream position."
python,file,truncate,method,(size=None),int,"Resizes the file to size or the current position and returns the resulting size."
python,file,writable,method,(),bool,"Checks whether the stream supports writing."
python,file,write,method,(text),int,"Writes text to the stream and returns the number of characters accepted."
python,file,writelines,method,(lines),None,"Writes an iterable of strings without adding separators or newline characters."
python,file,buffer,attribute,,BinaryIO,"The underlying buffered binary stream for a text file."
python,file,closed,attribute,,bool,"True after the file has been closed."
python,file,encoding,attribute,,str,"The character encoding used by this text stream."
python,file,errors,attribute,,str,"The configured encoding-error handling policy."
python,file,line_buffering,attribute,,bool,"Whether output is automatically flushed at line boundaries."
python,file,mode,attribute,,str,"The mode originally used to open the file."
python,file,name,attribute,,"str | int","The file name or descriptor supplied when the stream was opened."
python,file,newlines,attribute,,"None | str | tuple[str, ...]","The newline forms encountered while reading in universal-newline mode."
python,file,write_through,attribute,,bool,"Whether text writes pass immediately to the underlying binary buffer."
python,csv,reader,function,"(csvfile, dialect='excel', **fmtparams)",csv.reader,"Builds an iterator that reads each CSV row as a list of strings. Open the source file with newline='' for standard CSV handling."
python,csv,writer,function,"(csvfile, dialect='excel', **fmtparams)",csv.writer,"Builds a writer that saves rows from iterables to a CSV file. Open the destination file with newline='' and call writerow or writerows."
python,csv,DictReader,class,"(f, fieldnames=None, restkey=None, restval=None, dialect='excel', *args, **kwds)",csv.DictReader,"Reads CSV rows as dictionaries whose keys come from the header row or supplied fieldnames."
python,csv,DictWriter,class,"(f, fieldnames, restval='', extrasaction='raise', dialect='excel', *args, **kwds)",csv.DictWriter,"Writes dictionaries to CSV using the supplied fieldnames. Call writeheader once before writing data rows when a header is wanted."
python,csv,field_size_limit,function,"(new_limit=None)",int,"Returns the largest accepted CSV field size, or sets a new size limit when new_limit is supplied."
python,csv,get_dialect,function,"(name)",csv.Dialect,"Returns the registered CSV dialect with the requested name."
python,csv,list_dialects,function,(),"list[str]","Returns the names of CSV dialects currently registered with the module."
python,csv,register_dialect,function,"(name, dialect='excel', **fmtparams)",None,"Registers a named CSV formatting dialect so reader and writer calls can reuse it."
python,csv,unregister_dialect,function,"(name)",None,"Removes a previously registered CSV dialect by name."
python,csv,Sniffer,class,"()",csv.Sniffer,"Creates a helper that can guess a CSV dialect or whether a sample appears to have a header row."
python,json,dump,function,"(obj, fp, *, skipkeys=False, ensure_ascii=True, indent=None, **kwargs)",None,"Serializes a Python value as JSON and writes it to an already-open text file."
python,json,dumps,function,"(obj, *, skipkeys=False, ensure_ascii=True, indent=None, **kwargs)",str,"Serializes a Python value to a JSON string, optionally with indentation for readable output."
python,json,load,function,"(fp, *, cls=None, object_hook=None, **kwargs)",Any,"Reads JSON text from an already-open file and converts objects, arrays, strings, numbers, booleans, and null to Python values."
python,json,loads,function,"(s, *, cls=None, object_hook=None, **kwargs)",Any,"Parses a JSON string, bytes, or bytearray and returns the corresponding Python value."
python,json,JSONDecoder,class,"(*, object_hook=None, parse_float=None, parse_int=None, parse_constant=None, strict=True)",json.JSONDecoder,"Creates a configurable JSON decoder for advanced parsing behavior. Most programs should use json.load or json.loads."
python,json,JSONEncoder,class,"(*, skipkeys=False, ensure_ascii=True, check_circular=True, allow_nan=True, sort_keys=False, indent=None, **kwargs)",json.JSONEncoder,"Creates a configurable JSON encoder for advanced serialization behavior. Most programs should use json.dump or json.dumps."
python,json,JSONDecodeError,class,"(msg, doc, pos)",json.JSONDecodeError,"Represents an error raised when JSON text is malformed; it is useful in an except block around json.load or json.loads."
python,random,choice,function,"(seq)",Any,"Returns one randomly selected item from a nonempty sequence such as a list, tuple, or string."
python,random,choices,function,"(population, weights=None, *, cum_weights=None, k=1)",list,"Returns a list of k random selections and allows weighted choices when weights are supplied."
python,random,randint,function,"(a, b)",int,"Returns a random integer N such that a <= N <= b; both endpoints are included."
python,random,randrange,function,"(start, stop=None, step=1)",int,"Returns a random value from a range-like sequence; unlike randint, the stop value is excluded."
python,random,random,function,(),float,"Returns a pseudo-random float in the half-open interval 0.0 <= x < 1.0."
python,random,uniform,function,"(a, b)",float,"Returns a pseudo-random floating-point number between a and b, including either endpoint depending on rounding."
python,random,sample,function,"(population, k, *, counts=None)",list,"Returns k distinct items chosen without replacement from a population."
python,random,shuffle,function,"(x)",None,"Randomly rearranges a mutable sequence such as a list in place and returns None."
python,random,seed,function,"(a=None, version=2)",None,"Initializes the pseudo-random generator. Use a fixed seed when repeatable classroom results are useful."
python,random,getrandbits,function,"(k)",int,"Returns a nonnegative integer containing k random bits."
python,random,triangular,function,"(low=0.0, high=1.0, mode=None)",float,"Returns a random float with a triangular distribution, favoring mode when one is supplied."
python,random,gauss,function,"(mu=0.0, sigma=1.0)",float,"Returns a random float from a Gaussian distribution with the requested mean and standard deviation."
python,keyword,and,keyword,,—,"Combines two conditions and is True only when both operands are truthy. Python stops evaluating as soon as the left operand is false."
python,keyword,as,keyword,,—,"Gives an imported module, exception, or context-managed resource a local name, such as import csv as data_csv."
python,keyword,assert,keyword,,—,"Checks that a condition is truthy during debugging and raises AssertionError with an optional message when it is false."
python,keyword,async,keyword,,—,"Marks a function or loop construct as asynchronous so it can cooperate with awaitable operations."
python,keyword,await,keyword,,—,"Pauses an async function until an awaitable result is ready, then evaluates to that result."
python,keyword,break,keyword,,—,"Immediately exits the nearest enclosing for or while loop; execution continues after that loop."
python,keyword,case,keyword,,—,"Introduces one pattern branch inside a match statement. The first matching case runs."
python,keyword,class,keyword,,—,"Defines a class, which is a blueprint for creating objects that combine data attributes and methods."
python,keyword,continue,keyword,,—,"Skips the rest of the current loop iteration and starts the next iteration of the nearest loop."
python,keyword,def,keyword,,—,"Defines a reusable function. Parameters are listed in parentheses and the indented body runs when the function is called."
python,keyword,del,keyword,,—,"Removes a name, list item, dictionary entry, or slice reference; it does not necessarily erase an object immediately."
python,keyword,elif,keyword,,—,"Adds another condition to an if statement. Python evaluates it only when earlier if or elif conditions were false."
python,keyword,else,keyword,,—,"Provides the fallback block for if, loop, try, or match structures when their earlier condition or special outcome did not occur."
python,keyword,except,keyword,,—,"Handles an exception raised in a matching try block so a program can respond instead of stopping unexpectedly."
python,keyword,False,keyword,,bool,"The Boolean value representing false. It is commonly used in conditions, comparisons, and flags."
python,keyword,finally,keyword,,—,"Runs after a try statement whether or not an exception occurred, making it useful for cleanup that must always happen."
python,keyword,for,keyword,,—,"Repeats an indented block once for each value produced by an iterable such as a range, list, string, or dictionary view."
python,keyword,from,keyword,,—,"Selects a module or package to import names from, such as from random import choice."
python,keyword,global,keyword,,—,"Declares that assignments in a function should use a name from the module-level global scope instead of creating a local name."
python,keyword,if,keyword,,—,"Runs an indented block only when its condition is truthy. Combine it with elif and else to choose among paths."
python,keyword,import,keyword,,—,"Loads a module so its public names can be used, usually through the module name and a dot such as json.loads."
python,keyword,in,keyword,,—,"Tests membership in a collection or supplies values to a for loop. For example, x in items checks whether items contains x."
python,keyword,is,keyword,,bool,"Tests whether two references point to the same object, not whether their values merely compare equal."
python,keyword,lambda,keyword,,—,"Creates a small anonymous function expression containing one expression. Use def for multi-step reusable functions."
python,keyword,match,keyword,,—,"Begins structural pattern matching, which selects a case block based on the shape or value of an expression."
python,keyword,None,keyword,,None,"The singleton value used to represent no value, an unset result, or the absence of an object."
python,keyword,nonlocal,keyword,,—,"Declares that assignments in a nested function should update a variable from the nearest enclosing function scope."
python,keyword,not,keyword,,bool,"Negates a truth value: not expression is True when expression is falsy and False when expression is truthy."
python,keyword,or,keyword,,—,"Combines alternatives and returns the first truthy operand, or the final operand when none are truthy. Python short-circuits when possible."
python,keyword,pass,keyword,,—,"Creates an intentionally empty block where Python syntax requires a statement, often as a temporary placeholder."
python,keyword,raise,keyword,,—,"Raises an exception deliberately, optionally with a message or a specific exception object."
python,keyword,return,keyword,,—,"Ends the current function and optionally sends a value back to the code that called it."
python,keyword,True,keyword,,bool,"The Boolean value representing true. It is commonly used in conditions, comparisons, and flags."
python,keyword,try,keyword,,—,"Starts a block whose exceptions can be handled by except, with optional else and finally blocks."
python,keyword,while,keyword,,—,"Repeats an indented block while its condition remains truthy. Ensure something can change so the loop can finish."
python,keyword,with,keyword,,—,"Uses a context manager for setup and reliable cleanup, commonly with open(...) as a file handle."
python,keyword,yield,keyword,,—,"Produces a value from a generator function while preserving the function state so it can continue later."
